Strategy,Final Capital,Total Profit
Trading Algorithm,13175.630728232083,3175.630728232083
Buy & Hold,13196.354743026073,3196.3547430260733
